Full_Name,Full_Name_dbr,Year,Laureate_Id,Firstname,Lastname,Category,Gender,Prize_Share,Motivation,Birth_Date,Birth_Country,Birth_City,Birth_City_dbr,Birth_Country_Code,Organization_Name,Organization_Name_dbr
Emmanuelle Charpentier,Emmanuelle_Charpentier,2020,991,Emmanuelle,Charpentier,chemistry,Female,2,for the development of a method for genome editing,1968-12-11,France,Juvisy-sur-Orge,Juvisy-sur-Orge,FR,,
Jennifer A. Doudna,Jennifer_Doudna,2020,992,Jennifer A.,Doudna,chemistry,Female,2,for the development of a method for genome editing,1964-02-19,USA,Washington D.C.,"Washington,_D.C.",US,University of California,University_of_California
Paul Milgrom,Paul_Milgrom,2020,995,Paul,Milgrom,economics,Male,2,for improvements to auction theory and inventions of new auction formats,1948-04-20,USA,Detroit MI,Detroit,US,Stanford University,Stanford_University
Robert Wilson,Robert_B._Wilson,2020,996,Robert,Wilson,economics,Male,2,for improvements to auction theory and inventions of new auction formats,1937-05-16,USA,Geneva NE,"Geneva,_New_York",US,Stanford University,Stanford_University
Louise Glück,Louise_Glück,2020,993,Louise,Glück,literature,Female,1,for her unmistakable poetic voice that with austere beauty makes individual existence universal,1943-04-22,USA,New York NY,New_York_City,US,,
Harvey Alter,Harvey_J._Alter,2020,985,Harvey,Alter,medicine,Male,3,for the discovery of Hepatitis C virus,1935-09-12,USA,New York NY,New_York_City,US,National Institutes of Health,National_Institutes_of_Health
Charles Rice,Charles_M._Rice,2020,987,Charles,Rice,medicine,Male,3,for the discovery of Hepatitis C virus,1952-08-25,USA,Sacramento CA,"Sacramento_County,_California",US,Rockefeller University,Rockefeller_University
Michael Houghton,Michael_Houghton_(virologist),2020,986,Michael,Houghton,medicine,Male,3,for the discovery of Hepatitis C virus,1949-01-01,United Kingdom,,,GB,University of Alberta,University_of_Alberta
Reinhard Genzel,Reinhard_Genzel,2020,989,Reinhard,Genzel,physics,Male,3,for the discovery of a supermassive compact object at the centre of our galaxy,1952-03-24,Germany,Bad Homburg vor der Höhe,Bad_Homburg_vor_der_Höhe,DE,Max Planck Institute for Extraterrestrial Physics,Max_Planck_Institute_for_Physics
Andrea Ghez,Andrea_M._Ghez,2020,990,Andrea,Ghez,physics,Female,3,for the discovery of a supermassive compact object at the centre of our galaxy,1965-06-16,USA,New York NY,New_York_City,US,University of California,University_of_California
Roger Penrose,Roger_Penrose,2020,988,Roger,Penrose,physics,Male,3,for the discovery that black hole formation is a robust prediction of the general theory of relativity,1931-08-08,United Kingdom,Colchester,Colchester,GB,University of Oxford,University_of_Oxford
Benjamin List,Benjamin_List,2021,1002,Benjamin,List,chemistry,Male,2,for the development of asymmetric organocatalysis,1968-01-11,Germany,Frankfurt-on-the-Main,Frankfurt,DE,Max-Planck-Institut für Kohlenforschung,Max_Planck_Institute_for_Coal_Research
David MacMillan,David_MacMillan,2021,1003,David,MacMillan,chemistry,Male,2,for the development of asymmetric organocatalysis,1968-03-16,United Kingdom,Bellshill,Bellshill,GB,Princeton University,Princeton_University
David Card,David_Card,2021,1007,David,Card,economics,Male,3,for his empirical contributions to labour economics,1956-01-01,Canada,Guelph,Guelph,CA,University of California,University_of_California
Joshua Angrist,Joshua_Angrist,2021,1008,Joshua,Angrist,economics,Male,3,for their methodological contributions to the analysis of causal relationships,1960-09-18,USA,Columbus OH,"Columbus,_Ohio",US,Massachusetts Institute of Technology (MIT),Massachusetts_Institute_of_Technology
Guido Imbens,Guido_Imbens,2021,1009,Guido,Imbens,economics,Male,3,for their methodological contributions to the analysis of causal relationships,1963-09-03,Netherlands,Geldrop,Geldrop,NL,Stanford University,Stanford_University
Abdulrazak Gurnah,Abdulrazak_Gurnah,2021,1004,Abdulrazak,Gurnah,literature,Male,1,for his uncompromising and compassionate penetration of the effects of colonialism and the fate of the refugee in the gulf between cultures and continents,1948-12-20,Tanzania,,,TZ,,
Ardem Patapoutian,Ardem_Patapoutian,2021,998,Ardem,Patapoutian,medicine,Male,2,for their discoveries of receptors for temperature and touch,1967-10-02,Lebanon,Beirut,Beirut,LB,Scripps Research,Scripps_Research
David Julius,David_Julius,2021,997,David,Julius,medicine,Male,2,for their discoveries of receptors for temperature and touch,1955-11-04,USA,New York NY,New_York_City,US,University of California,University_of_California
Dmitry Muratov,Dmitry_Muratov,2021,1006,Dmitry,Muratov,peace,Male,2,for their efforts to safeguard freedom of expression which is a precondition for democracy and lasting peace,1961-10-29,USSR,Kubyshev,"Kuybyshev,_Novosibirsk_Oblast",RU,,
Maria Ressa,Maria_Ressa,2021,1005,Maria,Ressa,peace,Female,2,for their efforts to safeguard freedom of expression which is a precondition for democracy and lasting peace,1963-10-02,Philippines,Manila,Manila,PH,,
Giorgio Parisi,Giorgio_Parisi,2021,1001,Giorgio,Parisi,physics,Male,3,for the discovery of the interplay of disorder and fluctuations in physical systems from atomic to planetary scales,1948-08-04,Italy,Rome,Rome,IT,Sapienza University of Rome,Sapienza_University_of_Rome
Klaus Hasselmann,Klaus_Hasselmann,2021,1000,Klaus,Hasselmann,physics,Male,3,for the physical modelling of Earth’s climate quantifying variability and reliably predicting global warming,1931-10-25,Germany,Hamburg,Hamburg,DE,Max Planck Institute for Meteorology,Max_Planck_Institute_for_Meteorology
Syukuro Manabe,Syukuro_Manabe,2021,999,Syukuro,Manabe,physics,Male,3,for the physical modelling of Earth’s climate quantifying variability and reliably predicting global warming,1931-09-21,Japan,Shingu Ehime,"Shingū,_Ehime",JP,Princeton University,Princeton_University
Barry Sharpless,Karl_Barry_Sharpless,2022,743,Barry,Sharpless,chemistry,Male,3,for the development of click chemistry and bioorthogonal chemistry,1941-04-28,USA,Philadelphia PA,Philadelphia,US,Scripps Research,Scripps_Research
Carolyn Bertozzi,Carolyn_Bertozzi,2022,1015,Carolyn,Bertozzi,chemistry,Female,3,for the development of click chemistry and bioorthogonal chemistry,1966-10-10,USA,Boston MA,Boston,US,Stanford University,Stanford_University
Morten Meldal,Morten_P._Meldal,2022,1016,Morten,Meldal,chemistry,Male,3,for the development of click chemistry and bioorthogonal chemistry,1954-01-16,Denmark,Copenhagen,Copenhagen,DK,University of Copenhagen,University_of_Copenhagen
Ben Bernanke,Ben_Bernanke,2022,1021,Ben,Bernanke,economics,Male,3,for research on banks and financial crises,1953-12-13,USA,Augusta GA,"Augusta,_Georgia",US,The Brookings Institution,Brookings_Institution
Douglas Diamond,Douglas_Diamond,2022,1022,Douglas,Diamond,economics,Male,3,for research on banks and financial crises,1953-10-25,USA,Chicago IL,Chicago,US,University of Chicago,University_of_Chicago
Philip Dybvig,Philip_H._Dybvig,2022,1023,Philip,Dybvig,economics,Male,3,for research on banks and financial crises,1955-05-22,USA,Gainesville FL,"Gainesville,_Florida",US,Washington University,University_of_Washington
Annie Ernaux,Annie_Ernaux,2022,1017,Annie,Ernaux,literature,Female,1,for the courage and clinical acuity with which she uncovers the roots estrangements and  collective restraints of personal memory,1940-09-01,France,Lillebonne,Lillebonne,FR,,
Svante Pääbo,Svante_Pääbo,2022,1011,Svante,Pääbo,medicine,Male,1,for his discoveries concerning the genomes of extinct hominins and human evolution,1955-04-20,Sweden,Stockholm,Stockholm,SE,Max Planck Institute for Evolutionary Anthropology,Max_Planck_Institute_for_Evolutionary_Anthropology
Ales Bialiatski,Ales_Bialiatski,2022,1018,Ales,Bialiatski,peace,Male,3,The Peace Prize laureates represent civil society in their home countries. They have for many years promoted the right to criticise power and protect the fundamental rights of citizens. They have made an outstanding effort to document war crimes human right abuses and the abuse of power. Together they demonstrate the significance of civil society for peace and democracy.,1962-09-25,Russia,Vyartsilya Karelia,Vyartsilya,RU,,
Alain Aspect,Alain_Aspect,2022,1012,Alain,Aspect,physics,Male,3,for experiments with entangled photons establishing the violation of Bell inequalities and  pioneering quantum information science,1947-06-15,France,Agen,Agen,FR,Institut d’Optique Graduate School – Université Paris-Saclay,Paris-Saclay_University
John F. Clauser,John_Clauser,2022,1013,John F.,Clauser,physics,Male,3,for experiments with entangled photons establishing the violation of Bell inequalities and  pioneering quantum information science,1942-12-01,USA,Pasadena CA,"Pasadena,_California",US,,
Anton Zeilinger,Anton_Zeilinger,2022,1014,Anton,Zeilinger,physics,Male,3,for experiments with entangled photons establishing the violation of Bell inequalities and  pioneering quantum information science,1945-05-20,Austria,Ried im Innkreis,Ried_im_Innkreis,AT,University of Vienna,University_of_Vienna